headline,url
Trump fails in latest try to delay sentencing in hush money case,https://english.elpais.com
,https://english.elpais.com
Chile foundation denounces destruction of ancient geoglyphs in Atacama Desert,https://english.elpais.com/culture/2024-09-04/chile-foundation-denounces-destruction-by-offroad-drivers-of-ancient-geoglyphs-in-atacama-desert.html
From Nazi propaganda to Capitol assault: Venice film festival looks for what unites the far right,https://english.elpais.com/culture/2024-09-04/from-nazi-propaganda-to-the-assault-on-the-capitol-venice-film-festival-looks-for-what-unites-the-far-right.html
Chef Eduardo García: ‘Mexicans have a messed-up mentality that we work for the guy up top’,https://english.elpais.com
"Tamara Taraciuk, expert on Venezuela: ‘Time is on Maduro’s side’",https://english.elpais.com/international/women-leaders-of-latin-america/2024-09-04/tamara-taraciuk-expert-on-venezuela-time-is-on-maduros-side.html
,https://english.elpais.com
,https://english.elpais.com
,https://english.elpais.com
,https://english.elpais.com
,https://english.elpais.com
,https://english.elpais.com
,https://english.elpais.com
At least 142 Cuban rafters have died this year trying to reach Miami,https://english.elpais.com/international/2024-09-03/at-least-142-cuban-rafters-have-died-this-year-trying-to-reach-miami.html
,https://english.elpais.com
Elderly Romanian woman used amber nugget worth over $1 million as a doorstop for decades,https://english.elpais.com
Kílian Jornet and the challenge of 82 four-thousand-meter peaks,https://english.elpais.com/sports/2024-09-02/kilian-jornet-and-the-challenge-of-82-four-thousand-meter-peaks-he-feels-physically-perfect-but-at-times-psychologically-tired.html
Why Taylor Swift can lead America into a new era  ,https://english.elpais.com/culture/2024-09-01/why-taylor-swift-can-lead-america-into-a-new-era.html
,https://english.elpais.com
,https://english.elpais.com
,https://english.elpais.com
,https://english.elpais.com
,https://english.elpais.com
,https://english.elpais.com
The United States rediscovers Marbella,https://english.elpais.com/spain/2024-08-28/the-united-states-rediscovers-marbella.html
,https://english.elpais.com
,https://english.elpais.com
,https://english.elpais.com
,https://english.elpais.com
,https://english.elpais.com
,https://english.elpais.com
,https://english.elpais.com
,https://english.elpais.com
The emoji revolution and how the thumbs up came to be passive aggressive and old-fashioned  ,https://english.elpais.com/lifestyle/2024-08-26/the-emoji-revolution-and-how-the-thumbs-up-came-to-be-passive-aggressive-and-old-fashioned.html
Artificial intelligence comes to male sex toys,https://english.elpais.com
,https://english.elpais.com
,https://english.elpais.com
,https://english.elpais.com
,https://english.elpais.com
,https://english.elpais.com
,https://english.elpais.com
"Ben Ainslie, skipper of INEOS Britannia: ‘I’ve lost too many friends to the sea. I have a very healthy respect for it’",https://english.elpais.com
,https://english.elpais.com
Olympic medal table by population and wealth: Which countries fared the best at the Paris Games?,https://english.elpais.com/sports/olympic-games/2024-08-13/olympic-medal-table-by-population-and-wealth-which-countries-fared-the-best-at-the-paris-games.html
,https://english.elpais.com
,https://english.elpais.com
Netanyahu is once again the most popular politician in Israel,https://english.elpais.com/international/2024-08-26/netanyahu-is-once-again-the-most-popular-politician-in-israel.html
,https://english.elpais.com
Listen now LOS40 USA,https://los40.us/
Rosalía Unveils Secret About New Album: ‘I Still Have the Same Love for the Past’,https://los40.us/2024/rosalia-unveils-secret-about-new-album-i-still-have-the-same-love-for-the-past-24147.html
"Meet TINI, the Argentine Star Behind Coldplay’s ‘WE PRAY’",https://los40.us/2024/meet-tini-the-argentine-star-behind-coldplays-we-pray-24140.html
EL PAÍS offers free Spanish lessons with Gymglish,https://english.elpais.com
,https://english.elpais.com
,https://english.elpais.com
,https://english.elpais.com
"A summer away from the bombing of Ukraine, thanks to the Spanish province of Jaén",https://english.elpais.com
,https://english.elpais.com
Venezuela kicks off its most uncertain presidential campaign,https://english.elpais.com
,https://english.elpais.com
An economic paradox: When savings are both a good and a bad idea,https://english.elpais.com
,https://english.elpais.com
,https://english.elpais.com
,https://english.elpais.com
,https://english.elpais.com
,https://english.elpais.com
‘Feeling sexy is a right’: why men are baring all on Instagram  ,https://english.elpais.com/lifestyle/2024-08-11/feeling-sexy-is-a-right-why-men-are-bearing-all-on-instagram.html
Javier Milei’s government scores own goal with Diego Maradona snub,https://english.elpais.com/international/2024-08-14/javier-mileis-government-scores-own-goal-with-diego-maradona-snub.html
"Climbing without a rope, between freedom and psychopathy",https://english.elpais.com/sports/olympic-games/2024-08-13/olympic-medal-table-by-population-and-wealth-which-countries-fared-the-best-at-the-paris-games.html
